date,country,D,H,I,M,S
2021-04-01,Afghanistan,0,37,0,0,0
2021-04-01,Japan,0,121,0,0,0
2021-04-01,Sweden,0,9,0,0,0
2021-04-02,Afghanistan,0,34,3,0,0
2021-04-02,Japan,0,89,32,0,0
2021-04-02,Sweden,0,7,2,0,0
2021-04-03,Afghanistan,0,20,17,0,0
2021-04-03,Japan,0,63,58,0,0
2021-04-03,Sweden,0,2,7,0,0
2021-04-04,Afghanistan,0,17,20,0,0
2021-04-04,Japan,0,41,80,0,0
2021-04-04,Sweden,0,0,9,0,0
2021-04-05,Afghanistan,0,16,21,0,0
2021-04-05,Japan,0,33,88,0,0
2021-04-05,Sweden,0,0,9,0,0
2021-04-06,Afghanistan,0,14,20,1,2
2021-04-06,Japan,0,21,68,16,16
2021-04-06,Sweden,0,0,7,1,1
2021-04-07,Afghanistan,0,10,10,7,10
2021-04-07,Japan,0,13,50,30,28
2021-04-07,Sweden,0,0,2,4,3
2021-04-08,Afghanistan,0,8,9,7,13
2021-04-08,Japan,0,13,28,40,40
2021-04-08,Sweden,0,0,0,4,5
2021-04-09,Afghanistan,0,6,10,7,14
2021-04-09,Japan,0,9,24,43,45
2021-04-09,Sweden,0,0,0,4,5
2021-04-10,Afghanistan,0,5,9,8,15
2021-04-10,Japan,0,8,13,49,51
2021-04-10,Sweden,0,0,0,4,5
2021-04-11,Afghanistan,0,5,5,9,18
2021-04-11,Japan,0,6,7,54,54
2021-04-11,Sweden,0,0,0,4,5
2021-04-12,Afghanistan,0,4,4,9,20
2021-04-12,Japan,0,2,11,54,54
2021-04-12,Sweden,0,0,0,4,5
2021-04-13,Afghanistan,0,3,3,10,21
2021-04-13,Japan,0,2,7,55,57
2021-04-13,Sweden,0,0,0,4,5
2021-04-14,Afghanistan,0,3,2,11,21
2021-04-14,Japan,0,1,7,56,57
2021-04-14,Sweden,0,0,0,4,5
2021-04-15,Afghanistan,0,3,2,11,21
2021-04-15,Japan,0,1,5,56,59
2021-04-15,Sweden,0,0,0,4,5
2021-04-16,Afghanistan,0,2,2,11,22
2021-04-16,Japan,0,1,1,58,61
2021-04-16,Sweden,0,0,0,4,5
2021-04-17,Afghanistan,0,2,1,12,22
2021-04-17,Japan,0,1,1,58,61
2021-04-17,Sweden,0,0,0,4,5
2021-04-18,Afghanistan,0,2,1,12,22
2021-04-18,Japan,0,1,0,58,62
2021-04-18,Sweden,0,0,0,4,5
2021-04-19,Afghanistan,0,2,1,12,22
2021-04-19,Japan,0,1,0,58,62
2021-04-19,Sweden,0,0,0,4,5
2021-04-20,Afghanistan,0,2,0,15,20
2021-04-20,Japan,5,1,0,69,46
2021-04-20,Sweden,1,0,0,4,4
2021-04-21,Afghanistan,2,2,0,21,12
2021-04-21,Japan,7,1,0,79,34
2021-04-21,Sweden,1,0,0,6,2
2021-04-22,Afghanistan,2,2,0,24,9
2021-04-22,Japan,9,1,0,89,22
2021-04-22,Sweden,3,0,0,6,0
2021-04-23,Afghanistan,2,1,1,25,8
2021-04-23,Japan,12,1,0,91,17
2021-04-23,Sweden,3,0,0,6,0
2021-04-24,Afghanistan,2,1,1,26,7
2021-04-24,Japan,14,1,0,95,11
2021-04-24,Sweden,3,0,0,6,0
2021-04-25,Afghanistan,3,1,1,28,4
2021-04-25,Japan,14,1,0,98,8
2021-04-25,Sweden,3,0,0,6,0
2021-04-26,Afghanistan,3,1,1,30,2
2021-04-26,Japan,14,0,1,98,8
2021-04-26,Sweden,3,0,0,6,0
2021-04-27,Afghanistan,3,1,0,31,2
2021-04-27,Japan,14,0,1,101,5
2021-04-27,Sweden,3,0,0,6,0
2021-04-28,Afghanistan,3,1,0,31,2
2021-04-28,Japan,14,0,1,101,5
2021-04-28,Sweden,3,0,0,6,0
2021-04-29,Afghanistan,3,1,0,31,2
2021-04-29,Japan,14,0,1,103,3
2021-04-29,Sweden,3,0,0,6,0
2021-04-30,Afghanistan,3,1,0,32,1
2021-04-30,Japan,14,0,0,106,1
2021-04-30,Sweden,3,0,0,6,0
2021-05-01,Afghanistan,3,1,0,32,1
2021-05-01,Japan,14,0,0,106,1
2021-05-01,Sweden,3,0,0,6,0
2021-05-02,Afghanistan,3,1,0,32,1
2021-05-02,Japan,14,0,0,107,0
2021-05-02,Sweden,3,0,0,6,0
2021-05-03,Afghanistan,3,1,0,32,1
2021-05-03,Japan,14,0,0,107,0
2021-05-03,Sweden,3,0,0,6,0
2021-05-04,Afghanistan,3,1,0,32,1
2021-05-04,Japan,14,0,0,107,0
2021-05-04,Sweden,3,0,0,6,0
2021-05-05,Afghanistan,3,1,0,32,1
2021-05-05,Japan,14,0,0,107,0
2021-05-05,Sweden,3,0,0,6,0
2021-05-06,Afghanistan,3,1,0,32,1
2021-05-06,Japan,14,0,0,107,0
2021-05-06,Sweden,3,0,0,6,0
2021-05-07,Afghanistan,3,1,0,32,1
2021-05-07,Japan,14,0,0,107,0
2021-05-07,Sweden,3,0,0,6,0
2021-05-08,Afghanistan,3,1,0,32,1
2021-05-08,Japan,14,0,0,107,0
2021-05-08,Sweden,3,0,0,6,0
2021-05-09,Afghanistan,3,1,0,32,1
2021-05-09,Japan,14,0,0,107,0
2021-05-09,Sweden,3,0,0,6,0
2021-05-10,Afghanistan,3,1,0,32,1
2021-05-10,Japan,14,0,0,107,0
2021-05-10,Sweden,3,0,0,6,0
2021-05-11,Afghanistan,3,1,0,33,0
2021-05-11,Japan,14,0,0,107,0
2021-05-11,Sweden,3,0,0,6,0
2021-05-12,Afghanistan,3,1,0,33,0
2021-05-12,Japan,14,0,0,107,0
2021-05-12,Sweden,3,0,0,6,0
2021-05-13,Afghanistan,3,1,0,33,0
2021-05-13,Japan,14,0,0,107,0
2021-05-13,Sweden,3,0,0,6,0
2021-05-14,Afghanistan,3,1,0,33,0
2021-05-14,Japan,14,0,0,107,0
2021-05-14,Sweden,3,0,0,6,0
2021-05-15,Afghanistan,3,1,0,33,0
2021-05-15,Japan,14,0,0,107,0
2021-05-15,Sweden,3,0,0,6,0
2021-05-16,Afghanistan,3,1,0,33,0
2021-05-16,Japan,14,0,0,107,0
2021-05-16,Sweden,3,0,0,6,0
2021-05-17,Afghanistan,3,1,0,33,0
2021-05-17,Japan,14,0,0,107,0
2021-05-17,Sweden,3,0,0,6,0
2021-05-18,Afghanistan,3,1,0,33,0
2021-05-18,Japan,14,0,0,107,0
2021-05-18,Sweden,3,0,0,6,0
2021-05-19,Afghanistan,3,1,0,33,0
2021-05-19,Japan,14,0,0,107,0
2021-05-19,Sweden,3,0,0,6,0
2021-05-20,Afghanistan,3,1,0,33,0
2021-05-20,Japan,14,0,0,107,0
2021-05-20,Sweden,3,0,0,6,0
2021-05-21,Afghanistan,3,1,0,33,0
2021-05-21,Japan,14,0,0,107,0
2021-05-21,Sweden,3,0,0,6,0
2021-05-22,Afghanistan,3,1,0,33,0
2021-05-22,Japan,14,0,0,107,0
2021-05-22,Sweden,3,0,0,6,0
2021-05-23,Afghanistan,3,1,0,33,0
2021-05-23,Japan,14,0,0,107,0
2021-05-23,Sweden,3,0,0,6,0
2021-05-24,Afghanistan,3,1,0,33,0
2021-05-24,Japan,14,0,0,107,0
2021-05-24,Sweden,3,0,0,6,0
2021-05-25,Afghanistan,3,0,1,33,0
2021-05-25,Japan,14,0,0,107,0
2021-05-25,Sweden,3,0,0,6,0
2021-05-26,Afghanistan,3,0,1,33,0
2021-05-26,Japan,14,0,0,107,0
2021-05-26,Sweden,3,0,0,6,0
2021-05-27,Afghanistan,3,0,1,33,0
2021-05-27,Japan,14,0,0,107,0
2021-05-27,Sweden,3,0,0,6,0
2021-05-28,Afghanistan,3,0,1,33,0
2021-05-28,Japan,14,0,0,107,0
2021-05-28,Sweden,3,0,0,6,0
2021-05-29,Afghanistan,3,0,0,33,1
2021-05-29,Japan,14,0,0,107,0
2021-05-29,Sweden,3,0,0,6,0
2021-05-30,Afghanistan,3,0,0,33,1
2021-05-30,Japan,14,0,0,107,0
2021-05-30,Sweden,3,0,0,6,0
2021-05-31,Afghanistan,3,0,0,33,1
2021-05-31,Japan,14,0,0,107,0
2021-05-31,Sweden,3,0,0,6,0
2021-06-01,Afghanistan,3,0,0,33,1
2021-06-01,Japan,14,0,0,107,0
2021-06-01,Sweden,3,0,0,6,0
2021-06-02,Afghanistan,3,0,0,33,1
2021-06-02,Japan,14,0,0,107,0
2021-06-02,Sweden,3,0,0,6,0
2021-06-03,Afghanistan,3,0,0,33,1
2021-06-03,Japan,14,0,0,107,0
2021-06-03,Sweden,3,0,0,6,0
2021-06-04,Afghanistan,3,0,0,33,1
2021-06-04,Japan,14,0,0,107,0
2021-06-04,Sweden,3,0,0,6,0
2021-06-05,Afghanistan,3,0,0,33,1
2021-06-05,Japan,14,0,0,107,0
2021-06-05,Sweden,3,0,0,6,0
2021-06-06,Afghanistan,3,0,0,33,1
2021-06-06,Japan,14,0,0,107,0
2021-06-06,Sweden,3,0,0,6,0
2021-06-07,Afghanistan,3,0,0,33,1
2021-06-07,Japan,14,0,0,107,0
2021-06-07,Sweden,3,0,0,6,0
2021-06-08,Afghanistan,3,0,0,33,1
2021-06-08,Japan,14,0,0,107,0
2021-06-08,Sweden,3,0,0,6,0
2021-06-09,Afghanistan,3,0,0,33,1
2021-06-09,Japan,14,0,0,107,0
2021-06-09,Sweden,3,0,0,6,0
2021-06-10,Afghanistan,3,0,0,33,1
2021-06-10,Japan,14,0,0,107,0
2021-06-10,Sweden,3,0,0,6,0
2021-06-11,Afghanistan,3,0,0,33,1
2021-06-11,Japan,14,0,0,107,0
2021-06-11,Sweden,3,0,0,6,0
2021-06-12,Afghanistan,3,0,0,34,0
2021-06-12,Japan,14,0,0,107,0
2021-06-12,Sweden,3,0,0,6,0
2021-06-13,Afghanistan,3,0,0,34,0
2021-06-13,Japan,14,0,0,107,0
2021-06-13,Sweden,3,0,0,6,0
2021-06-14,Afghanistan,3,0,0,34,0
2021-06-14,Japan,14,0,0,107,0
2021-06-14,Sweden,3,0,0,6,0
2021-06-15,Afghanistan,3,0,0,34,0
2021-06-15,Japan,14,0,0,107,0
2021-06-15,Sweden,3,0,0,6,0
2021-06-16,Afghanistan,3,0,0,34,0
2021-06-16,Japan,14,0,0,107,0
2021-06-16,Sweden,3,0,0,6,0
2021-06-17,Afghanistan,3,0,0,34,0
2021-06-17,Japan,14,0,0,107,0
2021-06-17,Sweden,3,0,0,6,0
2021-06-18,Afghanistan,3,0,0,34,0
2021-06-18,Japan,14,0,0,107,0
2021-06-18,Sweden,3,0,0,6,0
2021-06-19,Afghanistan,3,0,0,34,0
2021-06-19,Japan,14,0,0,107,0
2021-06-19,Sweden,3,0,0,6,0
2021-06-20,Afghanistan,3,0,0,34,0
2021-06-20,Japan,14,0,0,107,0
2021-06-20,Sweden,3,0,0,6,0
2021-06-21,Afghanistan,3,0,0,34,0
2021-06-21,Japan,14,0,0,107,0
2021-06-21,Sweden,3,0,0,6,0
2021-06-22,Afghanistan,3,0,0,34,0
2021-06-22,Japan,14,0,0,107,0
2021-06-22,Sweden,3,0,0,6,0
2021-06-23,Afghanistan,3,0,0,34,0
2021-06-23,Japan,14,0,0,107,0
2021-06-23,Sweden,3,0,0,6,0
2021-06-24,Afghanistan,3,0,0,34,0
2021-06-24,Japan,14,0,0,107,0
2021-06-24,Sweden,3,0,0,6,0
2021-06-25,Afghanistan,3,0,0,34,0
2021-06-25,Japan,14,0,0,107,0
2021-06-25,Sweden,3,0,0,6,0
2021-06-26,Afghanistan,3,0,0,34,0
2021-06-26,Japan,14,0,0,107,0
2021-06-26,Sweden,3,0,0,6,0
2021-06-27,Afghanistan,3,0,0,34,0
2021-06-27,Japan,14,0,0,107,0
2021-06-27,Sweden,3,0,0,6,0
2021-06-28,Afghanistan,3,0,0,34,0
2021-06-28,Japan,14,0,0,107,0
2021-06-28,Sweden,3,0,0,6,0
2021-06-29,Afghanistan,3,0,0,34,0
2021-06-29,Japan,14,0,0,107,0
2021-06-29,Sweden,3,0,0,6,0
2021-06-30,Afghanistan,3,0,0,34,0
2021-06-30,Japan,14,0,0,107,0
2021-06-30,Sweden,3,0,0,6,0
2021-07-01,Afghanistan,3,0,0,34,0
2021-07-01,Japan,14,0,0,107,0
2021-07-01,Sweden,3,0,0,6,0
2021-07-02,Afghanistan,3,0,0,34,0
2021-07-02,Japan,14,0,0,107,0
2021-07-02,Sweden,3,0,0,6,0
2021-07-03,Afghanistan,3,0,0,34,0
2021-07-03,Japan,14,0,0,107,0
2021-07-03,Sweden,3,0,0,6,0
2021-07-04,Afghanistan,3,0,0,34,0
2021-07-04,Japan,14,0,0,107,0
2021-07-04,Sweden,3,0,0,6,0
2021-07-05,Afghanistan,3,0,0,34,0
2021-07-05,Japan,14,0,0,107,0
2021-07-05,Sweden,3,0,0,6,0
2021-07-06,Afghanistan,3,0,0,34,0
2021-07-06,Japan,14,0,0,107,0
2021-07-06,Sweden,3,0,0,6,0
2021-07-07,Afghanistan,3,0,0,34,0
2021-07-07,Japan,14,0,0,107,0
2021-07-07,Sweden,3,0,0,6,0
2021-07-08,Afghanistan,3,0,0,34,0
2021-07-08,Japan,14,0,0,107,0
2021-07-08,Sweden,3,0,0,6,0
2021-07-09,Afghanistan,3,0,0,34,0
2021-07-09,Japan,14,0,0,107,0
2021-07-09,Sweden,3,0,0,6,0
2021-07-10,Afghanistan,3,0,0,34,0
2021-07-10,Japan,14,0,0,107,0
2021-07-10,Sweden,3,0,0,6,0
2021-07-11,Afghanistan,3,0,0,34,0
2021-07-11,Japan,14,0,0,107,0
2021-07-11,Sweden,3,0,0,6,0
2021-07-12,Afghanistan,3,0,0,34,0
2021-07-12,Japan,14,0,0,107,0
2021-07-12,Sweden,3,0,0,6,0
2021-07-13,Afghanistan,3,0,0,34,0
2021-07-13,Japan,14,0,0,107,0
2021-07-13,Sweden,3,0,0,6,0
2021-07-14,Afghanistan,3,0,0,34,0
2021-07-14,Japan,14,0,0,107,0
2021-07-14,Sweden,3,0,0,6,0
2021-07-15,Afghanistan,3,0,0,34,0
2021-07-15,Japan,14,0,0,107,0
2021-07-15,Sweden,3,0,0,6,0
2021-07-16,Afghanistan,3,0,0,34,0
2021-07-16,Japan,14,0,0,107,0
2021-07-16,Sweden,3,0,0,6,0
2021-07-17,Afghanistan,3,0,0,34,0
2021-07-17,Japan,14,0,0,107,0
2021-07-17,Sweden,3,0,0,6,0
2021-07-18,Afghanistan,3,0,0,34,0
2021-07-18,Japan,14,0,0,107,0
2021-07-18,Sweden,3,0,0,6,0
2021-07-19,Afghanistan,3,0,0,34,0
2021-07-19,Japan,14,0,0,107,0
2021-07-19,Sweden,3,0,0,6,0
2021-07-20,Afghanistan,3,0,0,34,0
2021-07-20,Japan,14,0,0,107,0
2021-07-20,Sweden,3,0,0,6,0
2021-07-21,Afghanistan,3,0,0,34,0
2021-07-21,Japan,14,0,0,107,0
2021-07-21,Sweden,3,0,0,6,0
2021-07-22,Afghanistan,3,0,0,34,0
2021-07-22,Japan,14,0,0,107,0
2021-07-22,Sweden,3,0,0,6,0
2021-07-23,Afghanistan,3,0,0,34,0
2021-07-23,Japan,14,0,0,107,0
2021-07-23,Sweden,3,0,0,6,0
2021-07-24,Afghanistan,3,0,0,34,0
2021-07-24,Japan,14,0,0,107,0
2021-07-24,Sweden,3,0,0,6,0
2021-07-25,Afghanistan,3,0,0,34,0
2021-07-25,Japan,14,0,0,107,0
2021-07-25,Sweden,3,0,0,6,0
2021-07-26,Afghanistan,3,0,0,34,0
2021-07-26,Japan,14,0,0,107,0
2021-07-26,Sweden,3,0,0,6,0
2021-07-27,Afghanistan,3,0,0,34,0
2021-07-27,Japan,14,0,0,107,0
2021-07-27,Sweden,3,0,0,6,0
2021-07-28,Afghanistan,3,0,0,34,0
2021-07-28,Japan,14,0,0,107,0
2021-07-28,Sweden,3,0,0,6,0
2021-07-29,Afghanistan,3,0,0,34,0
2021-07-29,Japan,14,0,0,107,0
2021-07-29,Sweden,3,0,0,6,0
2021-07-30,Afghanistan,3,0,0,34,0
2021-07-30,Japan,14,0,0,107,0
2021-07-30,Sweden,3,0,0,6,0
2021-07-31,Afghanistan,3,0,0,34,0
2021-07-31,Japan,14,0,0,107,0
2021-07-31,Sweden,3,0,0,6,0
2021-08-01,Afghanistan,3,0,0,34,0
2021-08-01,Japan,14,0,0,107,0
2021-08-01,Sweden,3,0,0,6,0
2021-08-02,Afghanistan,3,0,0,34,0
2021-08-02,Japan,14,0,0,107,0
2021-08-02,Sweden,3,0,0,6,0
2021-08-03,Afghanistan,3,0,0,34,0
2021-08-03,Japan,14,0,0,107,0
2021-08-03,Sweden,3,0,0,6,0
2021-08-04,Afghanistan,3,1,0,33,0
2021-08-04,Japan,14,16,0,91,0
2021-08-04,Sweden,3,1,0,5,0
2021-08-05,Afghanistan,3,7,0,27,0
2021-08-05,Japan,14,24,6,77,0
2021-08-05,Sweden,3,4,0,2,0
2021-08-06,Afghanistan,3,6,1,27,0
2021-08-06,Japan,14,25,15,67,0
2021-08-06,Sweden,3,3,1,2,0
2021-08-07,Afghanistan,3,6,1,27,0
2021-08-07,Japan,14,19,24,64,0
2021-08-07,Sweden,3,3,1,2,0
2021-08-08,Afghanistan,3,6,2,26,0
2021-08-08,Japan,14,19,30,58,0
2021-08-08,Sweden,3,3,1,2,0
2021-08-09,Afghanistan,3,6,3,25,0
2021-08-09,Japan,14,17,31,56,3
2021-08-09,Sweden,3,0,4,2,0
2021-08-10,Afghanistan,3,5,3,25,1
2021-08-10,Japan,14,14,25,60,8
2021-08-10,Sweden,3,0,3,2,1
2021-08-11,Afghanistan,3,4,5,24,1
2021-08-11,Japan,14,13,18,66,10
2021-08-11,Sweden,3,0,3,2,1
2021-08-12,Afghanistan,3,4,5,24,1
2021-08-12,Japan,14,8,18,69,12
2021-08-12,Sweden,3,0,3,2,1
2021-08-13,Afghanistan,3,3,5,25,1
2021-08-13,Japan,14,4,15,75,13
2021-08-13,Sweden,3,0,0,3,3
2021-08-14,Afghanistan,3,2,5,26,1
2021-08-14,Japan,14,4,14,73,16
2021-08-14,Sweden,3,0,0,3,3
2021-08-15,Afghanistan,3,3,3,25,3
2021-08-15,Japan,14,4,12,74,17
2021-08-15,Sweden,3,0,0,3,3
2021-08-16,Afghanistan,3,2,3,26,3
2021-08-16,Japan,14,4,6,76,21
2021-08-16,Sweden,3,0,0,3,3
2021-08-17,Afghanistan,3,2,2,27,3
2021-08-17,Japan,14,3,3,77,24
2021-08-17,Sweden,3,0,0,3,3
2021-08-18,Afghanistan,3,5,1,24,4
2021-08-18,Japan,14,14,1,67,25
2021-08-18,Sweden,3,0,0,3,3
2021-08-19,Afghanistan,3,10,2,18,4
2021-08-19,Japan,14,22,3,57,25
2021-08-19,Sweden,3,2,0,1,3
2021-08-20,Afghanistan,3,9,5,15,5
2021-08-20,Japan,14,28,7,47,25
2021-08-20,Sweden,3,2,0,1,3
2021-08-21,Afghanistan,3,7,8,14,5
2021-08-21,Japan,14,23,13,46,25
2021-08-21,Sweden,3,2,0,1,3
2021-08-22,Afghanistan,3,6,10,13,5
2021-08-22,Japan,14,17,23,42,25
2021-08-22,Sweden,3,2,0,1,3
2021-08-23,Afghanistan,3,5,12,12,5
2021-08-23,Japan,15,18,23,43,22
2021-08-23,Sweden,3,2,0,1,3
2021-08-24,Afghanistan,3,7,8,12,7
2021-08-24,Japan,16,13,24,49,19
2021-08-24,Sweden,4,2,0,1,2
2021-08-25,Afghanistan,3,8,5,12,9
2021-08-25,Japan,18,12,21,48,22
2021-08-25,Sweden,4,1,1,1,2
2021-08-26,Afghanistan,3,7,4,13,10
2021-08-26,Japan,18,9,14,54,26
2021-08-26,Sweden,4,1,1,1,2
2021-08-27,Afghanistan,3,5,3,16,10
2021-08-27,Japan,18,10,13,55,25
2021-08-27,Sweden,4,1,1,3,0
2021-08-28,Afghanistan,3,6,3,15,10
2021-08-28,Japan,18,10,11,56,26
2021-08-28,Sweden,4,1,1,3,0
2021-08-29,Afghanistan,3,5,4,17,8
2021-08-29,Japan,18,8,9,58,28
2021-08-29,Sweden,4,1,0,3,1
2021-08-30,Afghanistan,3,4,4,17,9
2021-08-30,Japan,19,5,10,61,26
2021-08-30,Sweden,4,1,0,3,1
2021-08-31,Afghanistan,3,4,2,18,10
2021-08-31,Japan,20,4,10,64,23
2021-08-31,Sweden,4,1,0,3,1
2021-09-01,Afghanistan,3,4,2,19,9
2021-09-01,Japan,20,4,7,66,24
2021-09-01,Sweden,4,0,1,3,1
2021-09-02,Afghanistan,3,4,1,20,9
2021-09-02,Japan,20,2,7,68,24
2021-09-02,Sweden,4,0,1,3,1
2021-09-03,Afghanistan,3,4,0,21,9
2021-09-03,Japan,20,2,3,70,26
2021-09-03,Sweden,4,0,1,3,1
2021-09-04,Afghanistan,3,3,1,21,9
2021-09-04,Japan,20,2,2,71,26
2021-09-04,Sweden,4,0,1,3,1
2021-09-05,Afghanistan,3,3,1,21,9
2021-09-05,Japan,20,2,2,71,26
2021-09-05,Sweden,4,0,0,3,2
2021-09-06,Afghanistan,3,3,1,21,9
2021-09-06,Japan,20,2,0,73,26
2021-09-06,Sweden,4,0,0,3,2
2021-09-07,Afghanistan,3,2,2,24,6
2021-09-07,Japan,20,2,0,75,24
2021-09-07,Sweden,4,0,0,3,2
2021-09-08,Afghanistan,3,3,1,25,5
2021-09-08,Japan,21,2,0,79,19
2021-09-08,Sweden,4,0,0,3,2
2021-09-09,Afghanistan,3,2,2,26,4
2021-09-09,Japan,21,2,0,85,13
2021-09-09,Sweden,4,0,0,3,2
2021-09-10,Afghanistan,3,2,2,26,4
2021-09-10,Japan,21,2,0,85,13
2021-09-10,Sweden,4,0,0,3,2
2021-09-11,Afghanistan,3,2,1,26,5
2021-09-11,Japan,22,1,1,88,9
2021-09-11,Sweden,4,0,0,3,2
2021-09-12,Afghanistan,3,2,1,26,5
2021-09-12,Japan,23,1,1,90,6
2021-09-12,Sweden,4,0,0,4,1
2021-09-13,Afghanistan,3,2,0,27,5
2021-09-13,Japan,23,1,1,92,4
2021-09-13,Sweden,4,0,0,4,1
2021-09-14,Afghanistan,3,2,0,28,4
2021-09-14,Japan,23,1,1,92,4
2021-09-14,Sweden,4,0,0,4,1
2021-09-15,Afghanistan,3,2,0,28,4
2021-09-15,Japan,23,1,0,94,3
2021-09-15,Sweden,4,0,0,4,1
2021-09-16,Afghanistan,3,2,0,28,4
2021-09-16,Japan,23,1,0,94,3
2021-09-16,Sweden,4,0,0,4,1
2021-09-17,Afghanistan,3,2,0,29,3
2021-09-17,Japan,23,1,0,96,1
2021-09-17,Sweden,4,0,0,4,1
2021-09-18,Afghanistan,3,2,0,29,3
2021-09-18,Japan,23,1,0,96,1
2021-09-18,Sweden,4,0,0,4,1
2021-09-19,Afghanistan,3,2,0,29,3
2021-09-19,Japan,23,1,0,96,1
2021-09-19,Sweden,4,0,0,5,0
2021-09-20,Afghanistan,3,2,0,29,3
2021-09-20,Japan,23,1,0,96,1
2021-09-20,Sweden,4,0,0,5,0
2021-09-21,Afghanistan,3,2,0,29,3
2021-09-21,Japan,23,1,0,96,1
2021-09-21,Sweden,4,0,0,5,0
2021-09-22,Afghanistan,3,2,0,30,2
2021-09-22,Japan,23,1,0,96,1
2021-09-22,Sweden,4,0,0,5,0
2021-09-23,Afghanistan,3,1,1,30,2
2021-09-23,Japan,23,1,0,96,1
2021-09-23,Sweden,4,0,0,5,0
2021-09-24,Afghanistan,3,1,1,30,2
2021-09-24,Japan,23,1,0,96,1
2021-09-24,Sweden,4,0,0,5,0
2021-09-25,Afghanistan,3,1,1,31,1
2021-09-25,Japan,23,1,0,96,1
2021-09-25,Sweden,4,0,0,5,0
2021-09-26,Afghanistan,3,0,2,31,1
2021-09-26,Japan,23,1,0,96,1
2021-09-26,Sweden,4,0,0,5,0
2021-09-27,Afghanistan,3,0,1,32,1
2021-09-27,Japan,23,1,0,96,1
2021-09-27,Sweden,4,0,0,5,0
2021-09-28,Afghanistan,3,0,1,32,1
2021-09-28,Japan,23,0,1,96,1
2021-09-28,Sweden,4,0,0,5,0
2021-09-29,Afghanistan,3,0,1,32,1
2021-09-29,Japan,23,0,1,97,0
2021-09-29,Sweden,4,0,0,5,0
2021-09-30,Afghanistan,3,0,0,32,2
2021-09-30,Japan,23,0,1,97,0
2021-09-30,Sweden,4,0,0,5,0
2021-10-01,Afghanistan,3,0,0,32,2
2021-10-01,Japan,23,0,1,97,0
2021-10-01,Sweden,4,0,0,5,0
2021-10-02,Afghanistan,3,0,0,32,2
2021-10-02,Japan,23,0,0,98,0
2021-10-02,Sweden,4,0,0,5,0
2021-10-03,Afghanistan,3,0,0,32,2
2021-10-03,Japan,23,0,0,98,0
2021-10-03,Sweden,4,0,0,5,0
2021-10-04,Afghanistan,3,0,0,32,2
2021-10-04,Japan,23,0,0,98,0
2021-10-04,Sweden,4,0,0,5,0
2021-10-05,Afghanistan,3,0,0,32,2
2021-10-05,Japan,23,0,0,98,0
2021-10-05,Sweden,4,0,0,5,0
2021-10-06,Afghanistan,3,0,0,32,2
2021-10-06,Japan,23,0,0,98,0
2021-10-06,Sweden,4,0,0,5,0
2021-10-07,Afghanistan,3,0,0,32,2
2021-10-07,Japan,23,0,0,98,0
2021-10-07,Sweden,4,0,0,5,0
2021-10-08,Afghanistan,3,0,0,32,2
2021-10-08,Japan,23,0,0,98,0
2021-10-08,Sweden,4,0,0,5,0
2021-10-09,Afghanistan,3,0,0,32,2
2021-10-09,Japan,23,0,0,98,0
2021-10-09,Sweden,4,0,0,5,0
2021-10-10,Afghanistan,3,1,0,31,2
2021-10-10,Japan,23,0,0,98,0
2021-10-10,Sweden,4,0,0,5,0
2021-10-11,Afghanistan,3,1,0,32,1
2021-10-11,Japan,23,0,0,98,0
2021-10-11,Sweden,4,0,0,5,0
2021-10-12,Afghanistan,3,1,0,32,1
2021-10-12,Japan,23,0,0,98,0
2021-10-12,Sweden,4,0,0,5,0
2021-10-13,Afghanistan,3,1,0,32,1
2021-10-13,Japan,23,0,0,98,0
2021-10-13,Sweden,4,0,0,5,0
2021-10-14,Afghanistan,3,1,0,33,0
2021-10-14,Japan,23,0,0,98,0
2021-10-14,Sweden,4,0,0,5,0
2021-10-15,Afghanistan,3,1,0,33,0
2021-10-15,Japan,23,0,0,98,0
2021-10-15,Sweden,4,0,0,5,0
2021-10-16,Afghanistan,3,1,0,33,0
2021-10-16,Japan,23,0,0,98,0
2021-10-16,Sweden,4,0,0,5,0
2021-10-17,Afghanistan,3,1,0,33,0
2021-10-17,Japan,23,0,0,98,0
2021-10-17,Sweden,4,0,0,5,0
2021-10-18,Afghanistan,3,0,1,33,0
2021-10-18,Japan,23,0,0,98,0
2021-10-18,Sweden,4,0,0,5,0
2021-10-19,Afghanistan,3,0,1,33,0
2021-10-19,Japan,23,0,0,98,0
2021-10-19,Sweden,4,0,0,5,0
2021-10-20,Afghanistan,3,0,1,33,0
2021-10-20,Japan,23,0,0,98,0
2021-10-20,Sweden,4,0,0,5,0
2021-10-21,Afghanistan,3,0,1,33,0
2021-10-21,Japan,23,0,0,98,0
2021-10-21,Sweden,4,0,0,5,0
2021-10-22,Afghanistan,3,0,0,34,0
2021-10-22,Japan,23,0,0,98,0
2021-10-22,Sweden,4,0,0,5,0
2021-10-23,Afghanistan,3,0,0,34,0
2021-10-23,Japan,23,0,0,98,0
2021-10-23,Sweden,4,0,0,5,0
2021-10-24,Afghanistan,3,0,0,34,0
2021-10-24,Japan,23,0,0,98,0
2021-10-24,Sweden,4,0,0,5,0
2021-10-25,Afghanistan,3,0,0,34,0
2021-10-25,Japan,23,0,0,98,0
2021-10-25,Sweden,4,0,0,5,0
2021-10-26,Afghanistan,3,0,0,34,0
2021-10-26,Japan,23,0,0,98,0
2021-10-26,Sweden,4,0,0,5,0
2021-10-27,Afghanistan,3,0,0,34,0
2021-10-27,Japan,23,0,0,98,0
2021-10-27,Sweden,4,0,0,5,0
2021-10-28,Afghanistan,3,0,0,34,0
2021-10-28,Japan,23,0,0,98,0
2021-10-28,Sweden,4,0,0,5,0
2021-10-29,Afghanistan,3,0,0,34,0
2021-10-29,Japan,23,0,0,98,0
2021-10-29,Sweden,4,0,0,5,0
2021-10-30,Afghanistan,3,0,0,34,0
2021-10-30,Japan,23,0,0,98,0
2021-10-30,Sweden,4,0,0,5,0
2021-10-31,Afghanistan,3,0,0,34,0
2021-10-31,Japan,23,0,0,98,0
2021-10-31,Sweden,4,0,0,5,0
2021-11-01,Afghanistan,3,0,0,34,0
2021-11-01,Japan,23,0,0,98,0
2021-11-01,Sweden,4,0,0,5,0
2021-11-02,Afghanistan,3,0,0,34,0
2021-11-02,Japan,23,0,0,98,0
2021-11-02,Sweden,4,0,0,5,0
2021-11-03,Afghanistan,3,0,0,34,0
2021-11-03,Japan,23,0,0,98,0
2021-11-03,Sweden,4,0,0,5,0
2021-11-04,Afghanistan,3,0,0,34,0
2021-11-04,Japan,23,0,0,98,0
2021-11-04,Sweden,4,0,0,5,0
2021-11-05,Afghanistan,3,0,0,34,0
2021-11-05,Japan,23,0,0,98,0
2021-11-05,Sweden,4,0,0,5,0
2021-11-06,Afghanistan,3,0,0,34,0
2021-11-06,Japan,23,0,0,98,0
2021-11-06,Sweden,4,0,0,5,0
2021-11-07,Afghanistan,3,0,0,34,0
2021-11-07,Japan,23,0,0,98,0
2021-11-07,Sweden,4,0,0,5,0
2021-11-08,Afghanistan,3,0,0,34,0
2021-11-08,Japan,23,0,0,98,0
2021-11-08,Sweden,4,0,0,5,0
2021-11-09,Afghanistan,3,0,0,34,0
2021-11-09,Japan,23,0,0,98,0
2021-11-09,Sweden,4,0,0,5,0
2021-11-10,Afghanistan,3,0,0,34,0
2021-11-10,Japan,23,0,0,98,0
2021-11-10,Sweden,4,0,0,5,0
2021-11-11,Afghanistan,3,0,0,34,0
2021-11-11,Japan,23,0,0,98,0
2021-11-11,Sweden,4,0,0,5,0
2021-11-12,Afghanistan,3,0,0,34,0
2021-11-12,Japan,23,0,0,98,0
2021-11-12,Sweden,4,0,0,5,0
2021-11-13,Afghanistan,3,0,0,34,0
2021-11-13,Japan,23,0,0,98,0
2021-11-13,Sweden,4,0,0,5,0
2021-11-14,Afghanistan,3,0,0,34,0
2021-11-14,Japan,23,0,0,98,0
2021-11-14,Sweden,4,0,0,5,0
2021-11-15,Afghanistan,3,0,0,34,0
2021-11-15,Japan,23,0,0,98,0
2021-11-15,Sweden,4,0,0,5,0
2021-11-16,Afghanistan,3,0,0,34,0
2021-11-16,Japan,23,0,0,98,0
2021-11-16,Sweden,4,0,0,5,0
2021-11-17,Afghanistan,3,0,0,34,0
2021-11-17,Japan,23,0,0,98,0
2021-11-17,Sweden,4,0,0,5,0
2021-11-18,Afghanistan,3,0,0,34,0
2021-11-18,Japan,23,0,0,98,0
2021-11-18,Sweden,4,0,0,5,0
2021-11-19,Afghanistan,3,0,0,34,0
2021-11-19,Japan,23,0,0,98,0
2021-11-19,Sweden,4,0,0,5,0
2021-11-20,Afghanistan,3,0,0,34,0
2021-11-20,Japan,23,0,0,98,0
2021-11-20,Sweden,4,0,0,5,0
2021-11-21,Afghanistan,3,0,0,34,0
2021-11-21,Japan,23,0,0,98,0
2021-11-21,Sweden,4,0,0,5,0
2021-11-22,Afghanistan,3,0,0,34,0
2021-11-22,Japan,23,0,0,98,0
2021-11-22,Sweden,4,0,0,5,0
2021-11-23,Afghanistan,3,0,0,34,0
2021-11-23,Japan,23,0,0,98,0
2021-11-23,Sweden,4,0,0,5,0
2021-11-24,Afghanistan,3,0,0,34,0
2021-11-24,Japan,23,0,0,98,0
2021-11-24,Sweden,4,0,0,5,0
2021-11-25,Afghanistan,3,0,0,34,0
2021-11-25,Japan,23,0,0,98,0
2021-11-25,Sweden,4,0,0,5,0
2021-11-26,Afghanistan,3,0,0,34,0
2021-11-26,Japan,23,0,0,98,0
2021-11-26,Sweden,4,0,0,5,0
2021-11-27,Afghanistan,3,0,0,34,0
2021-11-27,Japan,23,0,0,98,0
2021-11-27,Sweden,4,0,0,5,0
2021-11-28,Afghanistan,3,0,0,34,0
2021-11-28,Japan,23,0,0,98,0
2021-11-28,Sweden,4,0,0,5,0
2021-11-29,Afghanistan,3,0,0,34,0
2021-11-29,Japan,23,0,0,98,0
2021-11-29,Sweden,4,0,0,5,0
2021-11-30,Afghanistan,3,0,0,34,0
2021-11-30,Japan,23,0,0,98,0
2021-11-30,Sweden,4,0,0,5,0
2021-12-01,Afghanistan,3,0,0,34,0
2021-12-01,Japan,23,0,0,98,0
2021-12-01,Sweden,4,0,0,5,0
2021-12-02,Afghanistan,3,0,0,34,0
2021-12-02,Japan,23,0,0,98,0
2021-12-02,Sweden,4,0,0,5,0
2021-12-03,Afghanistan,3,0,0,34,0
2021-12-03,Japan,23,0,0,98,0
2021-12-03,Sweden,4,0,0,5,0
2021-12-04,Afghanistan,3,0,0,34,0
2021-12-04,Japan,23,0,0,98,0
2021-12-04,Sweden,4,0,0,5,0
2021-12-05,Afghanistan,3,0,0,34,0
2021-12-05,Japan,23,0,0,98,0
2021-12-05,Sweden,4,0,0,5,0
2021-12-06,Afghanistan,3,0,0,34,0
2021-12-06,Japan,23,0,0,98,0
2021-12-06,Sweden,4,0,0,5,0
2021-12-07,Afghanistan,3,0,0,34,0
2021-12-07,Japan,23,3,0,95,0
2021-12-07,Sweden,4,0,0,5,0
2021-12-08,Afghanistan,3,0,0,34,0
2021-12-08,Japan,23,5,2,91,0
2021-12-08,Sweden,4,0,0,5,0
2021-12-09,Afghanistan,3,0,0,34,0
2021-12-09,Japan,23,10,4,84,0
2021-12-09,Sweden,4,0,0,5,0
2021-12-10,Afghanistan,3,1,0,33,0
2021-12-10,Japan,23,12,6,80,0
2021-12-10,Sweden,4,0,0,5,0
2021-12-11,Afghanistan,3,2,0,32,0
2021-12-11,Japan,23,15,9,74,0
2021-12-11,Sweden,4,1,0,4,0
2021-12-12,Afghanistan,3,3,0,31,0
2021-12-12,Japan,23,10,12,76,0
2021-12-12,Sweden,4,0,1,4,0
2021-12-13,Afghanistan,3,3,0,31,0
2021-12-13,Japan,23,9,12,76,1
2021-12-13,Sweden,4,0,1,4,0
2021-12-14,Afghanistan,3,3,1,30,0
2021-12-14,Japan,23,7,14,76,1
2021-12-14,Sweden,4,0,1,4,0
2021-12-15,Afghanistan,3,2,3,29,0
2021-12-15,Japan,23,4,15,75,4
2021-12-15,Sweden,4,0,1,4,0
2021-12-16,Afghanistan,3,2,3,29,0
2021-12-16,Japan,23,3,12,74,9
2021-12-16,Sweden,4,0,0,4,1
2021-12-17,Afghanistan,3,1,4,29,0
2021-12-17,Japan,23,3,10,76,9
2021-12-17,Sweden,4,0,0,4,1
2021-12-18,Afghanistan,3,1,3,30,0
2021-12-18,Japan,23,2,7,77,12
2021-12-18,Sweden,4,0,0,4,1
2021-12-19,Afghanistan,3,1,1,31,1
2021-12-19,Japan,23,2,4,78,14
2021-12-19,Sweden,4,0,0,4,1
2021-12-20,Afghanistan,3,1,1,31,1
2021-12-20,Japan,23,1,3,78,16
2021-12-20,Sweden,4,0,0,4,1
2021-12-21,Afghanistan,3,2,0,31,1
2021-12-21,Japan,23,4,4,74,16
2021-12-21,Sweden,4,0,0,4,1
2021-12-22,Afghanistan,3,4,0,29,1
2021-12-22,Japan,23,8,5,69,16
2021-12-22,Sweden,4,0,0,4,1
2021-12-23,Afghanistan,3,4,1,28,1
2021-12-23,Japan,23,7,7,68,16
2021-12-23,Sweden,4,0,0,4,1
2021-12-24,Afghanistan,3,4,2,27,1
2021-12-24,Japan,23,8,11,63,16
2021-12-24,Sweden,4,0,0,4,1
2021-12-25,Afghanistan,3,6,3,24,1
2021-12-25,Japan,23,9,12,61,16
2021-12-25,Sweden,4,2,0,2,1
2021-12-26,Afghanistan,3,5,4,24,1
2021-12-26,Japan,23,12,11,58,17
2021-12-26,Sweden,4,2,0,2,1
2021-12-27,Afghanistan,3,6,4,22,2
2021-12-27,Japan,23,8,14,58,18
2021-12-27,Sweden,4,2,0,2,1
2021-12-28,Afghanistan,3,4,5,23,2
2021-12-28,Japan,23,10,11,58,19
2021-12-28,Sweden,4,2,0,2,1
2021-12-29,Afghanistan,3,5,4,22,3
2021-12-29,Japan,24,11,11,58,17
2021-12-29,Sweden,4,2,0,2,1
2021-12-30,Afghanistan,3,5,4,22,3
2021-12-30,Japan,24,10,13,61,13
2021-12-30,Sweden,4,1,1,3,0
2021-12-31,Afghanistan,3,3,6,21,4
2021-12-31,Japan,24,8,11,61,17
2021-12-31,Sweden,4,1,1,3,0
2022-01-01,Afghanistan,3,4,4,21,5
2022-01-01,Japan,24,10,9,64,14
2022-01-01,Sweden,4,1,1,3,0
2022-01-02,Afghanistan,3,4,4,22,4
2022-01-02,Japan,25,8,10,65,13
2022-01-02,Sweden,4,0,2,3,0
2022-01-03,Afghanistan,3,4,3,23,4
2022-01-03,Japan,26,5,10,66,14
2022-01-03,Sweden,4,0,1,3,1
2022-01-04,Afghanistan,3,4,0,24,6
2022-01-04,Japan,26,6,7,66,16
2022-01-04,Sweden,4,0,1,3,1
2022-01-05,Afghanistan,3,6,1,21,6
2022-01-05,Japan,26,6,9,64,16
2022-01-05,Sweden,4,0,1,3,1
2022-01-06,Afghanistan,3,8,1,19,6
2022-01-06,Japan,26,10,6,63,16
2022-01-06,Sweden,4,0,0,3,2
2022-01-07,Afghanistan,3,6,4,18,6
2022-01-07,Japan,26,14,5,58,18
2022-01-07,Sweden,4,0,0,3,2
2022-01-08,Afghanistan,3,4,6,18,6
2022-01-08,Japan,26,9,9,59,18
2022-01-08,Sweden,4,0,0,3,2
2022-01-09,Afghanistan,3,3,6,18,7
2022-01-09,Japan,27,7,12,57,18
2022-01-09,Sweden,4,0,0,3,2
2022-01-10,Afghanistan,3,3,6,19,6
2022-01-10,Japan,27,7,14,57,16
2022-01-10,Sweden,4,1,0,2,2
2022-01-11,Afghanistan,3,3,4,18,9
2022-01-11,Japan,27,8,13,57,16
2022-01-11,Sweden,4,1,0,2,2
2022-01-12,Afghanistan,3,4,2,20,8
2022-01-12,Japan,27,6,10,60,18
2022-01-12,Sweden,4,0,1,2,2
2022-01-13,Afghanistan,3,4,1,20,9
2022-01-13,Japan,27,7,6,62,19
2022-01-13,Sweden,4,0,1,2,2
2022-01-14,Afghanistan,3,3,2,21,8
2022-01-14,Japan,28,4,7,66,16
2022-01-14,Sweden,4,0,1,2,2
2022-01-15,Afghanistan,3,4,1,21,8
2022-01-15,Japan,28,5,7,64,17
2022-01-15,Sweden,4,0,1,2,2
2022-01-16,Afghanistan,3,3,2,21,8
2022-01-16,Japan,28,3,7,67,16
2022-01-16,Sweden,4,0,0,2,3
2022-01-17,Afghanistan,3,2,3,21,8
2022-01-17,Japan,28,2,7,71,13
2022-01-17,Sweden,4,1,0,2,2
2022-01-18,Afghanistan,3,2,2,24,6
2022-01-18,Japan,28,2,4,73,14
2022-01-18,Sweden,4,1,0,2,2
2022-01-19,Afghanistan,3,2,2,24,6
2022-01-19,Japan,28,2,3,73,15
2022-01-19,Sweden,4,1,0,2,2
2022-01-20,Afghanistan,3,3,1,23,7
2022-01-20,Japan,28,2,1,73,17
2022-01-20,Sweden,4,1,0,3,1
2022-01-21,Afghanistan,3,3,0,24,7
2022-01-21,Japan,28,2,0,76,15
2022-01-21,Sweden,4,1,0,3,1
2022-01-22,Afghanistan,3,3,0,24,7
2022-01-22,Japan,28,1,1,76,15
2022-01-22,Sweden,4,0,1,3,1
2022-01-23,Afghanistan,3,4,0,24,6
2022-01-23,Japan,28,1,1,77,14
2022-01-23,Sweden,4,0,1,3,1
2022-01-24,Afghanistan,3,4,0,24,6
2022-01-24,Japan,28,1,1,77,14
2022-01-24,Sweden,4,0,1,3,1
2022-01-25,Afghanistan,4,5,0,25,3
2022-01-25,Japan,28,1,1,78,13
2022-01-25,Sweden,4,0,1,3,1
2022-01-26,Afghanistan,4,5,0,25,3
2022-01-26,Japan,28,1,0,81,11
2022-01-26,Sweden,4,0,0,3,2
2022-01-27,Afghanistan,4,4,1,26,2
2022-01-27,Japan,28,2,0,82,9
2022-01-27,Sweden,4,0,0,3,2
2022-01-28,Afghanistan,4,3,2,26,2
2022-01-28,Japan,28,2,0,83,8
2022-01-28,Sweden,4,0,0,3,2
2022-01-29,Afghanistan,4,3,2,27,1
2022-01-29,Japan,28,2,0,84,7
2022-01-29,Sweden,4,0,0,3,2
2022-01-30,Afghanistan,4,3,2,27,1
2022-01-30,Japan,28,3,0,83,7
2022-01-30,Sweden,4,0,0,4,1
2022-01-31,Afghanistan,4,2,2,28,1
2022-01-31,Japan,28,3,0,83,7
2022-01-31,Sweden,4,0,0,4,1
2022-02-01,Afghanistan,4,1,2,28,2
2022-02-01,Japan,28,3,0,86,4
2022-02-01,Sweden,4,0,0,4,1
2022-02-02,Afghanistan,4,1,2,28,2
2022-02-02,Japan,28,2,1,87,3
2022-02-02,Sweden,4,0,0,4,1
2022-02-03,Afghanistan,4,1,2,29,1
2022-02-03,Japan,28,2,1,89,1
2022-02-03,Sweden,4,0,0,4,1
2022-02-04,Afghanistan,4,1,1,29,2
2022-02-04,Japan,28,1,2,89,1
2022-02-04,Sweden,4,0,0,4,1
2022-02-05,Afghanistan,4,1,0,29,3
2022-02-05,Japan,28,0,3,89,1
2022-02-05,Sweden,4,0,0,4,1
2022-02-06,Afghanistan,4,1,0,29,3
2022-02-06,Japan,28,0,2,89,2
2022-02-06,Sweden,4,0,0,4,1
2022-02-07,Afghanistan,4,1,0,29,3
2022-02-07,Japan,28,0,2,89,2
2022-02-07,Sweden,4,0,0,4,1
2022-02-08,Afghanistan,4,2,0,28,3
2022-02-08,Japan,28,0,1,90,2
2022-02-08,Sweden,4,0,0,4,1
2022-02-09,Afghanistan,4,1,1,28,3
2022-02-09,Japan,28,0,0,91,2
2022-02-09,Sweden,5,0,0,4,0
2022-02-10,Afghanistan,4,1,1,28,3
2022-02-10,Japan,28,0,0,91,2
2022-02-10,Sweden,5,0,0,4,0
2022-02-11,Afghanistan,4,2,1,27,3
2022-02-11,Japan,28,0,0,91,2
2022-02-11,Sweden,5,0,0,4,0
2022-02-12,Afghanistan,4,1,2,27,3
2022-02-12,Japan,28,0,0,91,2
2022-02-12,Sweden,5,0,0,4,0
2022-02-13,Afghanistan,4,1,1,28,3
2022-02-13,Japan,28,0,0,91,2
2022-02-13,Sweden,5,0,0,4,0
2022-02-14,Afghanistan,4,1,1,28,3
2022-02-14,Japan,28,0,0,91,2
2022-02-14,Sweden,5,0,0,4,0
2022-02-15,Afghanistan,4,1,1,29,2
2022-02-15,Japan,28,0,0,91,2
2022-02-15,Sweden,5,0,0,4,0
2022-02-16,Afghanistan,4,1,0,30,2
2022-02-16,Japan,28,0,0,91,2
2022-02-16,Sweden,5,0,0,4,0
2022-02-17,Afghanistan,4,1,0,30,2
2022-02-17,Japan,28,0,0,91,2
2022-02-17,Sweden,5,0,0,4,0
2022-02-18,Afghanistan,4,1,0,31,1
2022-02-18,Japan,28,0,0,91,2
2022-02-18,Sweden,5,0,0,4,0
2022-02-19,Afghanistan,4,2,0,31,0
2022-02-19,Japan,28,0,0,91,2
2022-02-19,Sweden,5,0,0,4,0
2022-02-20,Afghanistan,4,2,0,31,0
2022-02-20,Japan,28,0,0,92,1
2022-02-20,Sweden,5,0,0,4,0
2022-02-21,Afghanistan,4,2,0,31,0
2022-02-21,Japan,28,0,0,92,1
2022-02-21,Sweden,5,0,0,4,0
2022-02-22,Afghanistan,4,1,1,31,0
2022-02-22,Japan,28,0,0,92,1
2022-02-22,Sweden,5,0,0,4,0
2022-02-23,Afghanistan,4,1,1,31,0
2022-02-23,Japan,28,0,0,93,0
2022-02-23,Sweden,5,0,0,4,0
2022-02-24,Afghanistan,4,1,1,31,0
2022-02-24,Japan,28,0,0,93,0
2022-02-24,Sweden,5,0,0,4,0
2022-02-25,Afghanistan,4,1,1,31,0
2022-02-25,Japan,28,0,0,93,0
2022-02-25,Sweden,5,0,0,4,0
2022-02-26,Afghanistan,4,1,0,32,0
2022-02-26,Japan,28,0,0,93,0
2022-02-26,Sweden,5,0,0,4,0
2022-02-27,Afghanistan,4,1,0,32,0
2022-02-27,Japan,28,0,0,93,0
2022-02-27,Sweden,5,0,0,4,0
2022-02-28,Afghanistan,4,1,0,32,0
2022-02-28,Japan,28,0,0,93,0
2022-02-28,Sweden,5,0,0,4,0
2022-03-01,Afghanistan,4,1,0,32,0
2022-03-01,Japan,28,0,0,93,0
2022-03-01,Sweden,5,0,0,4,0
2022-03-02,Afghanistan,4,1,0,32,0
2022-03-02,Japan,28,0,0,93,0
2022-03-02,Sweden,5,0,0,4,0
2022-03-03,Afghanistan,4,1,0,32,0
2022-03-03,Japan,28,0,0,93,0
2022-03-03,Sweden,5,0,0,4,0
2022-03-04,Afghanistan,4,1,0,32,0
2022-03-04,Japan,28,0,0,93,0
2022-03-04,Sweden,5,0,0,4,0
2022-03-05,Afghanistan,4,1,0,32,0
2022-03-05,Japan,28,0,0,93,0
2022-03-05,Sweden,5,0,0,4,0
2022-03-06,Afghanistan,4,1,0,32,0
2022-03-06,Japan,28,0,0,93,0
2022-03-06,Sweden,5,0,0,4,0
2022-03-07,Afghanistan,4,1,0,32,0
2022-03-07,Japan,28,0,0,93,0
2022-03-07,Sweden,5,0,0,4,0
2022-03-08,Afghanistan,4,1,0,32,0
2022-03-08,Japan,28,0,0,93,0
2022-03-08,Sweden,5,0,0,4,0
2022-03-09,Afghanistan,4,1,0,32,0
2022-03-09,Japan,28,0,0,93,0
2022-03-09,Sweden,5,0,0,4,0
2022-03-10,Afghanistan,4,1,0,32,0
2022-03-10,Japan,28,0,0,93,0
2022-03-10,Sweden,5,0,0,4,0
2022-03-11,Afghanistan,4,1,0,32,0
2022-03-11,Japan,28,0,0,93,0
2022-03-11,Sweden,5,0,0,4,0
2022-03-12,Afghanistan,4,1,0,32,0
2022-03-12,Japan,28,0,0,93,0
2022-03-12,Sweden,5,0,0,4,0
2022-03-13,Afghanistan,4,1,0,32,0
2022-03-13,Japan,28,0,0,93,0
2022-03-13,Sweden,5,0,0,4,0
2022-03-14,Afghanistan,4,0,1,32,0
2022-03-14,Japan,28,0,0,93,0
2022-03-14,Sweden,5,0,0,4,0
2022-03-15,Afghanistan,4,0,1,32,0
2022-03-15,Japan,28,0,0,93,0
2022-03-15,Sweden,5,0,0,4,0
2022-03-16,Afghanistan,4,0,1,32,0
2022-03-16,Japan,28,0,0,93,0
2022-03-16,Sweden,5,0,0,4,0
2022-03-17,Afghanistan,4,0,1,32,0
2022-03-17,Japan,28,0,0,93,0
2022-03-17,Sweden,5,0,0,4,0
2022-03-18,Afghanistan,4,0,0,33,0
2022-03-18,Japan,28,0,0,93,0
2022-03-18,Sweden,5,0,0,4,0
2022-03-19,Afghanistan,4,0,0,33,0
2022-03-19,Japan,28,0,0,93,0
2022-03-19,Sweden,5,0,0,4,0
2022-03-20,Afghanistan,4,0,0,33,0
2022-03-20,Japan,28,0,0,93,0
2022-03-20,Sweden,5,0,0,4,0
2022-03-21,Afghanistan,4,0,0,33,0
2022-03-21,Japan,28,0,0,93,0
2022-03-21,Sweden,5,0,0,4,0
2022-03-22,Afghanistan,4,0,0,33,0
2022-03-22,Japan,28,0,0,93,0
2022-03-22,Sweden,5,0,0,4,0
2022-03-23,Afghanistan,4,0,0,33,0
2022-03-23,Japan,28,0,0,93,0
2022-03-23,Sweden,5,0,0,4,0
2022-03-24,Afghanistan,4,0,0,33,0
2022-03-24,Japan,28,0,0,93,0
2022-03-24,Sweden,5,0,0,4,0
2022-03-25,Afghanistan,4,0,0,33,0
2022-03-25,Japan,28,0,0,93,0
2022-03-25,Sweden,5,0,0,4,0
2022-03-26,Afghanistan,4,0,0,33,0
2022-03-26,Japan,28,0,0,93,0
2022-03-26,Sweden,5,0,0,4,0
2022-03-27,Afghanistan,4,0,0,33,0
2022-03-27,Japan,28,0,0,93,0
2022-03-27,Sweden,5,0,0,4,0
2022-03-28,Afghanistan,4,0,0,33,0
2022-03-28,Japan,28,0,0,93,0
2022-03-28,Sweden,5,0,0,4,0
2022-03-29,Afghanistan,4,0,0,33,0
2022-03-29,Japan,28,0,0,93,0
2022-03-29,Sweden,5,0,0,4,0
2022-03-30,Afghanistan,4,0,0,33,0
2022-03-30,Japan,28,0,0,93,0
2022-03-30,Sweden,5,0,0,4,0
2022-03-31,Afghanistan,4,0,0,33,0
2022-03-31,Japan,28,0,0,93,0
2022-03-31,Sweden,5,0,0,4,0
2022-04-01,Afghanistan,4,0,0,33,0
2022-04-01,Japan,28,0,0,93,0
2022-04-01,Sweden,5,0,0,4,0
2022-04-02,Afghanistan,4,0,0,33,0
2022-04-02,Japan,28,0,0,93,0
2022-04-02,Sweden,5,0,0,4,0
2022-04-03,Afghanistan,4,0,0,33,0
2022-04-03,Japan,28,0,0,93,0
2022-04-03,Sweden,5,0,0,4,0
2022-04-04,Afghanistan,4,0,0,33,0
2022-04-04,Japan,28,0,0,93,0
2022-04-04,Sweden,5,0,0,4,0
2022-04-05,Afghanistan,4,0,0,33,0
2022-04-05,Japan,28,0,0,93,0
2022-04-05,Sweden,5,0,0,4,0
2022-04-06,Afghanistan,4,0,0,33,0
2022-04-06,Japan,28,0,0,93,0
2022-04-06,Sweden,5,0,0,4,0
2022-04-07,Afghanistan,4,0,0,33,0
2022-04-07,Japan,28,0,0,93,0
2022-04-07,Sweden,5,0,0,4,0
2022-04-08,Afghanistan,4,0,0,33,0
2022-04-08,Japan,28,0,0,93,0
2022-04-08,Sweden,5,0,0,4,0
2022-04-09,Afghanistan,4,0,0,33,0
2022-04-09,Japan,28,0,0,93,0
2022-04-09,Sweden,5,0,0,4,0
2022-04-10,Afghanistan,4,0,0,33,0
2022-04-10,Japan,28,0,0,93,0
2022-04-10,Sweden,5,0,0,4,0
2022-04-11,Afghanistan,4,0,0,33,0
2022-04-11,Japan,28,2,0,91,0
2022-04-11,Sweden,5,0,0,4,0
2022-04-12,Afghanistan,4,0,0,33,0
2022-04-12,Japan,28,3,0,90,0
2022-04-12,Sweden,5,0,0,4,0
2022-04-13,Afghanistan,4,0,0,33,0
2022-04-13,Japan,28,3,2,88,0
2022-04-13,Sweden,5,0,0,4,0
2022-04-14,Afghanistan,4,0,0,33,0
2022-04-14,Japan,28,0,5,88,0
2022-04-14,Sweden,5,0,0,4,0
2022-04-15,Afghanistan,4,0,0,33,0
2022-04-15,Japan,28,0,5,88,0
2022-04-15,Sweden,5,0,0,4,0
2022-04-16,Afghanistan,4,0,0,33,0
2022-04-16,Japan,28,2,5,86,0
2022-04-16,Sweden,5,0,0,4,0
2022-04-17,Afghanistan,4,1,0,32,0
2022-04-17,Japan,28,2,4,87,0
2022-04-17,Sweden,5,0,0,4,0
2022-04-18,Afghanistan,4,2,0,31,0
2022-04-18,Japan,28,3,2,86,2
2022-04-18,Sweden,5,0,0,4,0
2022-04-19,Afghanistan,4,1,1,31,0
2022-04-19,Japan,28,2,3,86,2
2022-04-19,Sweden,5,0,0,4,0
2022-04-20,Afghanistan,4,2,1,30,0
2022-04-20,Japan,28,2,3,86,2
2022-04-20,Sweden,5,0,0,4,0
2022-04-21,Afghanistan,4,2,1,30,0
2022-04-21,Japan,28,2,3,86,2
2022-04-21,Sweden,5,0,0,4,0
2022-04-22,Afghanistan,4,1,2,30,0
2022-04-22,Japan,28,3,2,85,3
2022-04-22,Sweden,5,0,0,4,0
2022-04-23,Afghanistan,4,1,1,31,0
2022-04-23,Japan,28,4,1,84,4
2022-04-23,Sweden,5,0,0,4,0
2022-04-24,Afghanistan,4,1,1,31,0
2022-04-24,Japan,28,5,1,83,4
2022-04-24,Sweden,5,0,0,4,0
2022-04-25,Afghanistan,4,1,1,31,0
2022-04-25,Japan,28,5,1,82,5
2022-04-25,Sweden,5,0,0,4,0
2022-04-26,Afghanistan,4,1,0,32,0
2022-04-26,Japan,28,7,1,80,5
2022-04-26,Sweden,5,0,0,4,0
2022-04-27,Afghanistan,4,1,1,31,0
2022-04-27,Japan,28,9,3,76,5
2022-04-27,Sweden,5,0,0,4,0
2022-04-28,Afghanistan,4,1,1,31,0
2022-04-28,Japan,28,9,6,73,5
2022-04-28,Sweden,5,0,0,4,0
2022-04-29,Afghanistan,4,2,1,30,0
2022-04-29,Japan,28,12,7,69,5
2022-04-29,Sweden,5,1,0,3,0
2022-04-30,Afghanistan,4,2,1,30,0
2022-04-30,Japan,28,11,10,67,5
2022-04-30,Sweden,5,1,0,3,0
